MAE,RMSE,MAPE
15.396248994648078,18.667521504502822,38.47892451928445
